,index,Predicted
0,0,301.2754258269435
1,1,301.2855425219639
2,2,301.29565921698435
3,3,301.3057759120048
4,4,301.3158926070252
5,5,301.32600930204563
6,6,301.33612599706606
7,7,301.3462426920865
8,8,301.3563593871069
9,9,301.36647608212735
10,10,301.3765927771478
11,11,301.3867094721682
12,12,301.39682616718864
13,13,301.40694286220906
14,14,301.4170595572295
15,15,301.4271762522499
16,16,301.43729294727035
17,17,301.4474096422908
18,18,301.45752633731126
19,19,301.4676430323317
20,20,301.4777597273521
21,21,301.48787642237255
22,22,301.497993117393
23,23,301.5081098124134
24,24,301.51822650743384
25,25,301.52834320245427
26,26,301.5384598974747
27,27,301.5485765924951
28,28,301.55869328751555
29,29,301.568809982536
30,30,301.5789266775564
31,31,301.58904337257684
32,32,301.59916006759727
33,33,301.6092767626177
34,34,301.6193934576381
35,35,301.62951015265855
36,36,301.639626847679
37,37,301.6497435426994
38,38,301.65986023771984
39,39,301.66997693274027
40,40,301.6800936277607
41,41,301.6902103227811
42,42,301.70032701780156
43,43,301.710443712822
44,44,301.7205604078424
45,45,301.73067710286284
46,46,301.74079379788327
47,47,301.7509104929037
48,48,301.7610271879241
49,49,301.77114388294456
50,50,301.781260577965
51,51,301.7913772729854
52,52,301.80149396800584
53,53,301.8116106630263
54,54,301.82172735804676
55,55,301.8318440530672
56,56,301.8419607480876
57,57,301.85207744310804
58,58,301.8621941381285
59,59,301.8723108331489
60,60,301.88242752816933
61,61,301.89254422318976
62,62,301.9026609182102
63,63,301.9127776132306
64,64,301.92289430825105
65,65,301.9330110032715
66,66,301.9431276982919
67,67,301.95324439331233
68,68,301.96336108833276
69,69,301.9734777833532
70,70,301.9835944783736
71,71,301.99371117339405
72,72,302.0038278684145
73,73,302.0139445634349
74,74,302.02406125845533
75,75,302.03417795347576
76,76,302.0442946484962
77,77,302.0544113435166
78,78,302.06452803853705
79,79,302.0746447335575
80,80,302.0847614285779
81,81,302.09487812359833
82,82,302.10499481861876
83,83,302.1151115136392
84,84,302.1252282086596
85,85,302.13534490368005
86,86,302.1454615987005
87,87,302.1555782937209
88,88,302.16569498874134
89,89,302.1758116837618
90,90,302.18592837878225
91,91,302.1960450738027
92,92,302.2061617688231
93,93,302.21627846384354
94,94,302.22639515886397
95,95,302.2365118538844
96,96,302.2466285489048
97,97,302.25674524392525
98,98,302.2668619389457
99,99,302.2769786339661
100,100,302.28709532898654
101,101,302.29721202400697
102,102,302.3073287190274
103,103,302.3174454140478
104,104,302.32756210906825
105,105,302.3376788040887
106,106,302.3477954991091
107,107,302.35791219412954
108,108,302.36802888914997
109,109,302.3781455841704
110,110,302.3882622791908
111,111,302.39837897421125
112,112,302.4084956692317
113,113,302.4186123642521
114,114,302.42872905927254
115,115,302.43884575429297
116,116,302.4489624493134
117,117,302.4590791443338
118,118,302.46919583935426
119,119,302.4793125343747
120,120,302.4894292293951
121,121,302.49954592441554
122,122,302.50966261943597
123,123,302.5197793144564
124,124,302.52989600947683
125,125,302.5400127044973
126,126,302.55012939951774
127,127,302.5602460945382
128,128,302.5703627895586
129,129,302.58047948457903
130,130,302.59059617959946
131,131,302.6007128746199
132,132,302.6108295696403
133,133,302.62094626466074
134,134,302.6310629596812
135,135,302.6411796547016
136,136,302.65129634972203
137,137,302.66141304474246
138,138,302.6715297397629
139,139,302.6816464347833
140,140,302.69176312980375
141,141,302.7018798248242
142,142,302.7119965198446
143,143,302.72211321486503
144,144,302.73222990988546
145,145,302.7423466049059
146,146,302.7524632999263
147,147,302.76257999494675
148,148,302.7726966899672
149,149,302.7828133849876
150,150,302.79293008000803
151,151,302.80304677502846
152,152,302.8131634700489
153,153,302.8232801650693
154,154,302.83339686008975
155,155,302.8435135551102
156,156,302.8536302501306
157,157,302.86374694515104
158,158,302.87386364017146
159,159,302.8839803351919
160,160,302.8940970302124
161,161,302.9042137252328
162,162,302.91433042025324
163,163,302.92444711527367
164,164,302.9345638102941
165,165,302.9446805053145
166,166,302.95479720033495
167,167,302.9649138953554
168,168,302.9750305903758
169,169,302.98514728539624
170,170,302.99526398041667
171,171,303.0053806754371
172,172,303.0154973704575
173,173,303.02561406547795
174,174,303.0357307604984
175,175,303.0458474555188
176,176,303.05596415053924
177,177,303.06608084555967
178,178,303.0761975405801
179,179,303.0863142356005
180,180,303.09643093062095
181,181,303.1065476256414
182,182,303.1166643206618
183,183,303.12678101568224
184,184,303.13689771070267
185,185,303.1470144057231
186,186,303.1571311007435
187,187,303.16724779576396
188,188,303.1773644907844
189,189,303.1874811858048
190,190,303.19759788082524
191,191,303.20771457584567
192,192,303.2178312708661
193,193,303.22794796588653
194,194,303.23806466090696
195,195,303.24818135592744
196,196,303.2582980509479
197,197,303.2684147459683
198,198,303.27853144098873
199,199,303.28864813600916
200,200,303.2987648310296
201,201,303.30888152605
202,202,303.31899822107044
203,203,303.3291149160909
204,204,303.3392316111113
205,205,303.34934830613173
206,206,303.35946500115216
207,207,303.3695816961726
208,208,303.379698391193
209,209,303.38981508621345
210,210,303.3999317812339
211,211,303.4100484762543
212,212,303.42016517127473
213,213,303.43028186629516
214,214,303.4403985613156
215,215,303.450515256336
216,216,303.46063195135645
217,217,303.4707486463769
218,218,303.4808653413973
219,219,303.49098203641773
220,220,303.50109873143816
221,221,303.5112154264586
222,222,303.521332121479
223,223,303.53144881649945
224,224,303.5415655115199
225,225,303.5516822065403
226,226,303.56179890156073
227,227,303.57191559658116
228,228,303.5820322916016
229,229,303.592148986622
230,230,303.60226568164245
231,231,303.61238237666294
232,232,303.62249907168336
233,233,303.6326157667038
234,234,303.6427324617242
235,235,303.65284915674465
236,236,303.6629658517651
237,237,303.6730825467855
238,238,303.68319924180594
239,239,303.69331593682637
240,240,303.7034326318468
241,241,303.7135493268672
242,242,303.72366602188765
243,243,303.7337827169081
244,244,303.7438994119285
245,245,303.75401610694894
246,246,303.76413280196937
247,247,303.7742494969898
248,248,303.7843661920102
249,249,303.79448288703065
250,250,303.8045995820511
251,251,303.8147162770715
252,252,303.82483297209194
253,253,303.83494966711237
254,254,303.8450663621328
255,255,303.8551830571532
256,256,303.86529975217366
257,257,303.8754164471941
258,258,303.8855331422145
259,259,303.89564983723494
260,260,303.90576653225537
261,261,303.9158832272758
262,262,303.9259999222962
263,263,303.93611661731666
264,264,303.9462333123371
265,265,303.9563500073575
266,266,303.966466702378
267,267,303.97658339739843
268,268,303.98670009241886
269,269,303.9968167874393
270,270,304.0069334824597
271,271,304.01705017748014
272,272,304.0271668725006
273,273,304.037283567521
274,274,304.04740026254143
275,275,304.05751695756186
276,276,304.0676336525823
277,277,304.0777503476027
278,278,304.08786704262315
279,279,304.0979837376436
280,280,304.108100432664
281,281,304.11821712768443
282,282,304.12833382270486
283,283,304.1384505177253
284,284,304.1485672127457
285,285,304.15868390776615
286,286,304.1688006027866
287,287,304.178917297807
288,288,304.18903399282743
289,289,304.19915068784786
290,290,304.2092673828683
291,291,304.2193840778887
292,292,304.22950077290915
293,293,304.2396174679296
294,294,304.24973416295
295,295,304.25985085797043
296,296,304.26996755299086
297,297,304.2800842480113
298,298,304.2902009430317
299,299,304.30031763805215
300,300,304.3104343330726
301,301,304.32055102809306
302,302,304.3306677231135
303,303,304.3407844181339
304,304,304.35090111315435
305,305,304.3610178081748
306,306,304.3711345031952
307,307,304.38125119821564
308,308,304.39136789323607
309,309,304.4014845882565
310,310,304.4116012832769
311,311,304.42171797829735
312,312,304.4318346733178
313,313,304.4419513683382
314,314,304.45206806335864
315,315,304.46218475837907
316,316,304.4723014533995
317,317,304.4824181484199
318,318,304.49253484344035
319,319,304.5026515384608
320,320,304.5127682334812
321,321,304.52288492850164
322,322,304.53300162352207
323,323,304.5431183185425
324,324,304.5532350135629
325,325,304.56335170858335
326,326,304.5734684036038
327,327,304.5835850986242
328,328,304.59370179364464
329,329,304.60381848866507
330,330,304.6139351836855
331,331,304.6240518787059
332,332,304.63416857372636
333,333,304.6442852687468
334,334,304.6544019637672
335,335,304.66451865878764
336,336,304.67463535380807
337,337,304.68475204882856
338,338,304.694868743849
339,339,304.7049854388694
340,340,304.71510213388984
341,341,304.7252188289103
342,342,304.7353355239307
343,343,304.74545221895113
344,344,304.75556891397156
345,345,304.765685608992
346,346,304.7758023040124
347,347,304.78591899903284
348,348,304.7960356940533
349,349,304.8061523890737
350,350,304.81626908409413
351,351,304.82638577911456
352,352,304.836502474135
353,353,304.8466191691554
354,354,304.85673586417585
355,355,304.8668525591963
356,356,304.8769692542167
357,357,304.88708594923713
358,358,304.89720264425756
359,359,304.907319339278
360,360,304.9174360342984
361,361,304.92755272931885
362,362,304.9376694243393
363,363,304.9477861193597
364,364,304.95790281438013
365,365,304.96801950940056
366,366,304.978136204421
367,367,304.9882528994414
368,368,304.99836959446185
369,369,305.0084862894823
370,370,305.0186029845027
371,371,305.02871967952314
372,372,305.0388363745436
373,373,305.04895306956405
374,374,305.0590697645845
375,375,305.0691864596049
376,376,305.07930315462534
377,377,305.08941984964576
378,378,305.0995365446662
379,379,305.1096532396866
380,380,305.11976993470705
381,381,305.1298866297275
382,382,305.1400033247479
383,383,305.15012001976834
384,384,305.16023671478877
385,385,305.1703534098092
386,386,305.1804701048296
387,387,305.19058679985005
388,388,305.2007034948705
389,389,305.2108201898909
390,390,305.22093688491134
391,391,305.23105357993177
392,392,305.2411702749522
393,393,305.2512869699726
394,394,305.26140366499305
395,395,305.2715203600135
396,396,305.2816370550339
397,397,305.29175375005434
398,398,305.30187044507477
399,399,305.3119871400952
400,400,305.3221038351156
401,401,305.33222053013606
402,402,305.3423372251565
403,403,305.3524539201769
404,404,305.36257061519734
405,405,305.37268731021777
406,406,305.3828040052382
407,407,305.3929207002586
408,408,305.4030373952791
409,409,305.41315409029954
410,410,305.42327078531997
411,411,305.4333874803404
412,412,305.44350417536083
413,413,305.45362087038126
414,414,305.4637375654017
415,415,305.4738542604221
416,416,305.48397095544254
417,417,305.494087650463
418,418,305.5042043454834
419,419,305.51432104050383
420,420,305.52443773552426
421,421,305.5345544305447
422,422,305.5446711255651
423,423,305.55478782058555
424,424,305.564904515606
425,425,305.5750212106264
426,426,305.58513790564683
427,427,305.59525460066726
428,428,305.6053712956877
429,429,305.6154879907081
430,430,305.62560468572855
431,431,305.635721380749
432,432,305.6458380757694
433,433,305.65595477078983
434,434,305.66607146581026
435,435,305.6761881608307
436,436,305.6863048558511
437,437,305.69642155087155
438,438,305.706538245892
439,439,305.7166549409124
440,440,305.72677163593283
441,441,305.73688833095326
442,442,305.7470050259737
443,443,305.7571217209942
444,444,305.7672384160146
445,445,305.77735511103504
446,446,305.78747180605546
447,447,305.7975885010759
448,448,305.8077051960963
449,449,305.81782189111675
450,450,305.8279385861372
451,451,305.8380552811576
452,452,305.84817197617804
453,453,305.85828867119847
454,454,305.8684053662189
455,455,305.8785220612393
456,456,305.88863875625975
457,457,305.8987554512802
458,458,305.9088721463006
459,459,305.91898884132104
460,460,305.92910553634147
461,461,305.9392222313619
462,462,305.9493389263823
463,463,305.95945562140275
464,464,305.9695723164232
465,465,305.9796890114436
466,466,305.98980570646404
467,467,305.99992240148447
468,468,306.0100390965049
469,469,306.0201557915253
470,470,306.03027248654575
471,471,306.0403891815662
472,472,306.0505058765866
473,473,306.06062257160704
474,474,306.07073926662747
475,475,306.0808559616479
476,476,306.0909726566683
477,477,306.10108935168876
478,478,306.1112060467092
479,479,306.12132274172967
480,480,306.1314394367501
481,481,306.1415561317705
482,482,306.15167282679096
483,483,306.1617895218114
484,484,306.1719062168318
485,485,306.18202291185224
486,486,306.1921396068727
487,487,306.2022563018931
488,488,306.21237299691353
489,489,306.22248969193396
490,490,306.2326063869544
491,491,306.2427230819748
492,492,306.25283977699524
493,493,306.2629564720157
494,494,306.2730731670361
495,495,306.28318986205653
496,496,306.29330655707696
497,497,306.3034232520974
498,498,306.3135399471178
499,499,306.32365664213825
500,500,306.3337733371587
501,501,306.3438900321791
502,502,306.35400672719953
503,503,306.36412342221996
504,504,306.3742401172404
505,505,306.3843568122608
506,506,306.39447350728125
507,507,306.4045902023017
508,508,306.4147068973221
509,509,306.42482359234253
510,510,306.43494028736296
511,511,306.4450569823834
512,512,306.4551736774038
513,513,306.46529037242425
514,514,306.47540706744473
515,515,306.48552376246516
516,516,306.4956404574856
517,517,306.505757152506
518,518,306.51587384752645
519,519,306.5259905425469
520,520,306.5361072375673
521,521,306.54622393258774
522,522,306.55634062760817
523,523,306.5664573226286
524,524,306.576574017649
525,525,306.58669071266945
526,526,306.5968074076899
527,527,306.6069241027103
528,528,306.61704079773074
529,529,306.62715749275117
530,530,306.6372741877716
531,531,306.647390882792
532,532,306.65750757781245
533,533,306.6676242728329
534,534,306.6777409678533
535,535,306.68785766287374
536,536,306.69797435789417
537,537,306.7080910529146
538,538,306.718207747935
539,539,306.72832444295545
540,540,306.7384411379759
541,541,306.7485578329963
542,542,306.75867452801674
543,543,306.76879122303717
544,544,306.7789079180576
545,545,306.789024613078
546,546,306.79914130809846
547,547,306.8092580031189
548,548,306.8193746981393
549,549,306.82949139315974
550,550,306.8396080881802
551,551,306.84972478320066
552,552,306.8598414782211
553,553,306.8699581732415
554,554,306.88007486826194
555,555,306.8901915632824
556,556,306.9003082583028
557,557,306.91042495332323
558,558,306.92054164834366
559,559,306.9306583433641
560,560,306.9407750383845
561,561,306.95089173340494
562,562,306.9610084284254
563,563,306.9711251234458
564,564,306.98124181846623
565,565,306.99135851348666
566,566,307.0014752085071
567,567,307.0115919035275
568,568,307.02170859854795
569,569,307.0318252935684
570,570,307.0419419885888
571,571,307.05205868360923
572,572,307.06217537862966
573,573,307.0722920736501
574,574,307.0824087686705
575,575,307.09252546369095
576,576,307.1026421587114
577,577,307.1127588537318
578,578,307.12287554875223
579,579,307.13299224377266
580,580,307.1431089387931
581,581,307.1532256338135
582,582,307.16334232883395
583,583,307.1734590238544
584,584,307.1835757188748
585,585,307.1936924138953
586,586,307.2038091089157
587,587,307.21392580393615
588,588,307.2240424989566
589,589,307.234159193977
590,590,307.24427588899744
591,591,307.25439258401786
592,592,307.2645092790383
593,593,307.2746259740587
594,594,307.28474266907915
595,595,307.2948593640996
596,596,307.30497605912
597,597,307.31509275414044
598,598,307.32520944916087
599,599,307.3353261441813
600,600,307.3454428392017
601,601,307.35555953422215
602,602,307.3656762292426
603,603,307.375792924263
604,604,307.38590961928344
605,605,307.39602631430387
606,606,307.4061430093243
607,607,307.4162597043447
608,608,307.42637639936515
609,609,307.4364930943856
610,610,307.446609789406
611,611,307.45672648442644
612,612,307.46684317944687
613,613,307.4769598744673
614,614,307.4870765694877
615,615,307.49719326450816
616,616,307.5073099595286
617,617,307.517426654549
618,618,307.52754334956944
619,619,307.53766004458987
620,620,307.5477767396103
621,621,307.5578934346308
622,622,307.5680101296512
623,623,307.57812682467164
624,624,307.58824351969207
625,625,307.5983602147125
626,626,307.60847690973293
627,627,307.61859360475336
628,628,307.6287102997738
629,629,307.6388269947942
630,630,307.64894368981464
631,631,307.6590603848351
632,632,307.6691770798555
633,633,307.67929377487593
634,634,307.68941046989636
635,635,307.6995271649168
636,636,307.7096438599372
637,637,307.71976055495765
638,638,307.7298772499781
639,639,307.7399939449985
640,640,307.75011064001893
641,641,307.76022733503936
642,642,307.7703440300598
643,643,307.7804607250802
644,644,307.79057742010065
645,645,307.8006941151211
646,646,307.8108108101415
647,647,307.82092750516193
648,648,307.83104420018236
649,649,307.8411608952028
650,650,307.8512775902232
651,651,307.86139428524365
652,652,307.8715109802641
653,653,307.8816276752845
654,654,307.89174437030493
655,655,307.90186106532536
656,656,307.91197776034585
657,657,307.9220944553663
658,658,307.9322111503867
659,659,307.94232784540714
660,660,307.95244454042756
661,661,307.962561235448
662,662,307.9726779304684
663,663,307.98279462548885
664,664,307.9929113205093
665,665,308.0030280155297
666,666,308.01314471055014
667,667,308.02326140557057
668,668,308.033378100591
669,669,308.0434947956114
670,670,308.05361149063185
671,671,308.0637281856523
672,672,308.0738448806727
673,673,308.08396157569314
674,674,308.09407827071357
675,675,308.104194965734
676,676,308.1143116607544
677,677,308.12442835577485
678,678,308.1345450507953
679,679,308.1446617458157
680,680,308.15477844083614
681,681,308.16489513585657
682,682,308.175011830877
683,683,308.1851285258974
684,684,308.19524522091785
685,685,308.2053619159383
686,686,308.2154786109587
687,687,308.22559530597914
688,688,308.23571200099957
689,689,308.24582869602
690,690,308.2559453910404
691,691,308.26606208606086
692,692,308.27617878108134
693,693,308.28629547610177
694,694,308.2964121711222
695,695,308.3065288661426
696,696,308.31664556116306
697,697,308.3267622561835
698,698,308.3368789512039
699,699,308.34699564622434
700,700,308.3571123412448
701,701,308.3672290362652
702,702,308.37734573128563
703,703,308.38746242630606
704,704,308.3975791213265
705,705,308.4076958163469
706,706,308.41781251136734
707,707,308.4279292063878
708,708,308.4380459014082
709,709,308.44816259642863
710,710,308.45827929144906
711,711,308.4683959864695
712,712,308.4785126814899
713,713,308.48862937651035
714,714,308.4987460715308
715,715,308.5088627665512
716,716,308.51897946157163
717,717,308.52909615659206
718,718,308.5392128516125
719,719,308.5493295466329
720,720,308.55944624165335
721,721,308.5695629366738
722,722,308.5796796316942
723,723,308.58979632671463
724,724,308.59991302173506
725,725,308.6100297167555
726,726,308.620146411776
727,727,308.6302631067964
728,728,308.64037980181683
729,729,308.65049649683726
730,730,308.6606131918577
731,731,308.6707298868781
732,732,308.68084658189855
733,733,308.690963276919
734,734,308.7010799719394
735,735,308.71119666695984
736,736,308.72131336198026
737,737,308.7314300570007
738,738,308.7415467520211
739,739,308.75166344704155
740,740,308.761780142062
741,741,308.7718968370824
742,742,308.78201353210284
743,743,308.79213022712327
744,744,308.8022469221437
745,745,308.8123636171641
746,746,308.82248031218455
747,747,308.832597007205
748,748,308.8427137022254
749,749,308.85283039724584
750,750,308.86294709226627
751,751,308.8730637872867
752,752,308.8831804823071
753,753,308.89329717732755
754,754,308.903413872348
755,755,308.9135305673684
756,756,308.92364726238884
757,757,308.93376395740927
758,758,308.9438806524297
759,759,308.9539973474501
760,760,308.96411404247056
761,761,308.974230737491
762,762,308.98434743251147
763,763,308.9944641275319
764,764,309.0045808225523
765,765,309.01469751757276
766,766,309.0248142125932
767,767,309.0349309076136
768,768,309.04504760263404
769,769,309.05516429765447
770,770,309.0652809926749
771,771,309.07539768769533
772,772,309.08551438271576
773,773,309.0956310777362
774,774,309.1057477727566
775,775,309.11586446777704
776,776,309.1259811627975
777,777,309.1360978578179
778,778,309.14621455283833
779,779,309.15633124785876
780,780,309.1664479428792
781,781,309.1765646378996
782,782,309.18668133292005
783,783,309.1967980279405
784,784,309.2069147229609
785,785,309.21703141798133
786,786,309.22714811300176
787,787,309.2372648080222
788,788,309.2473815030426
789,789,309.25749819806305
790,790,309.2676148930835
791,791,309.2777315881039
792,792,309.28784828312433
793,793,309.29796497814476
794,794,309.3080816731652
795,795,309.3181983681856
796,796,309.32831506320605
797,797,309.33843175822653
798,798,309.34854845324696
799,799,309.3586651482674
800,800,309.3687818432878
801,801,309.37889853830825
802,802,309.3890152333287
803,803,309.3991319283491
804,804,309.40924862336954
805,805,309.41936531838996
806,806,309.4294820134104
807,807,309.4395987084308
808,808,309.44971540345125
809,809,309.4598320984717
810,810,309.4699487934921
811,811,309.48006548851254
812,812,309.49018218353297
813,813,309.5002988785534
814,814,309.5104155735738
815,815,309.52053226859425
816,816,309.5306489636147
817,817,309.5407656586351
818,818,309.55088235365554
819,819,309.56099904867597
820,820,309.5711157436964
821,821,309.5812324387168
822,822,309.59134913373725
823,823,309.6014658287577
824,824,309.6115825237781
825,825,309.62169921879854
826,826,309.63181591381897
827,827,309.6419326088394
828,828,309.6520493038598
829,829,309.66216599888025
830,830,309.6722826939007
831,831,309.6823993889211
832,832,309.69251608394154
833,833,309.70263277896197
834,834,309.71274947398246
835,835,309.7228661690029
836,836,309.7329828640233
837,837,309.74309955904374
838,838,309.75321625406417
839,839,309.7633329490846
840,840,309.773449644105
841,841,309.78356633912546
842,842,309.7936830341459
843,843,309.8037997291663
844,844,309.81391642418674
845,845,309.8240331192072
846,846,309.8341498142276
847,847,309.84426650924803
848,848,309.85438320426846
849,849,309.8644998992889
850,850,309.8746165943093
851,851,309.88473328932974
852,852,309.8948499843502
853,853,309.9049666793706
854,854,309.91508337439103
855,855,309.92520006941146
856,856,309.9353167644319
857,857,309.9454334594523
858,858,309.95555015447275
859,859,309.9656668494932
860,860,309.9757835445136
861,861,309.98590023953403
862,862,309.99601693455446
863,863,310.0061336295749
864,864,310.0162503245953
865,865,310.02636701961575
866,866,310.0364837146362
867,867,310.0466004096566
868,868,310.0567171046771
869,869,310.0668337996975
870,870,310.07695049471795
871,871,310.0870671897384
872,872,310.0971838847588
873,873,310.10730057977923
874,874,310.11741727479966
875,875,310.1275339698201
876,876,310.1376506648405
877,877,310.14776735986095
878,878,310.1578840548814
879,879,310.1680007499018
880,880,310.17811744492224
881,881,310.18823413994267
882,882,310.1983508349631
883,883,310.2084675299835
884,884,310.21858422500395
885,885,310.2287009200244
886,886,310.2388176150448
887,887,310.24893431006524
888,888,310.25905100508567
889,889,310.2691677001061
890,890,310.2792843951265
891,891,310.28940109014695
892,892,310.2995177851674
893,893,310.3096344801878
894,894,310.31975117520824
895,895,310.32986787022867
896,896,310.3399845652491
897,897,310.3501012602695
898,898,310.36021795528995
899,899,310.3703346503104
900,900,310.3804513453308
901,901,310.39056804035124
902,902,310.40068473537167
903,903,310.4108014303921
904,904,310.4209181254126
905,905,310.431034820433
906,906,310.44115151545344
907,907,310.45126821047387
908,908,310.4613849054943
909,909,310.4715016005147
910,910,310.48161829553516
911,911,310.4917349905556
912,912,310.501851685576
913,913,310.51196838059644
914,914,310.52208507561687
915,915,310.5322017706373
916,916,310.54231846565773
917,917,310.55243516067816
918,918,310.5625518556986
919,919,310.572668550719
920,920,310.58278524573944
921,921,310.5929019407599
922,922,310.6030186357803
923,923,310.61313533080073
924,924,310.62325202582116
925,925,310.6333687208416
926,926,310.643485415862
927,927,310.65360211088245
928,928,310.6637188059029
929,929,310.6738355009233
930,930,310.68395219594373
931,931,310.69406889096416
932,932,310.7041855859846
933,933,310.714302281005
934,934,310.72441897602545
935,935,310.7345356710459
936,936,310.7446523660663
937,937,310.75476906108673
938,938,310.76488575610716
939,939,310.77500245112765
940,940,310.7851191461481
941,941,310.7952358411685
942,942,310.80535253618893
943,943,310.81546923120936
944,944,310.8255859262298
945,945,310.8357026212502
946,946,310.84581931627065
947,947,310.8559360112911
948,948,310.8660527063115
949,949,310.87616940133194
950,950,310.88628609635236
951,951,310.8964027913728
952,952,310.9065194863932
953,953,310.91663618141365
954,954,310.9267528764341
955,955,310.9368695714545
956,956,310.94698626647494
957,957,310.95710296149537
958,958,310.9672196565158
959,959,310.9773363515362
960,960,310.98745304655665
961,961,310.9975697415771
962,962,311.0076864365975
963,963,311.01780313161794
964,964,311.02791982663837
965,965,311.0380365216588
966,966,311.0481532166792
967,967,311.05826991169965
968,968,311.0683866067201
969,969,311.0785033017405
970,970,311.08861999676094
971,971,311.09873669178137
972,972,311.1088533868018
973,973,311.1189700818222
974,974,311.12908677684266
975,975,311.13920347186314
976,976,311.14932016688357
977,977,311.159436861904
978,978,311.1695535569244
979,979,311.17967025194486
980,980,311.1897869469653
981,981,311.1999036419857
982,982,311.21002033700614
983,983,311.22013703202657
984,984,311.230253727047
985,985,311.24037042206743
986,986,311.25048711708786
987,987,311.2606038121083
988,988,311.2707205071287
989,989,311.28083720214914
990,990,311.2909538971696
991,991,311.30107059219
992,992,311.31118728721043
993,993,311.32130398223086
994,994,311.3314206772513
995,995,311.3415373722717
996,996,311.35165406729215
997,997,311.3617707623126
998,998,311.371887457333
999,999,311.38200415235343
1000,1000,311.39212084737386
1001,1001,311.4022375423943
1002,1002,311.4123542374147
1003,1003,311.42247093243515
1004,1004,311.4325876274556
1005,1005,311.442704322476
1006,1006,311.45282101749643
1007,1007,311.46293771251686
1008,1008,311.4730544075373
1009,1009,311.4831711025577
1010,1010,311.4932877975782
1011,1011,311.50340449259863
1012,1012,311.51352118761906
1013,1013,311.5236378826395
1014,1014,311.5337545776599
1015,1015,311.54387127268035
1016,1016,311.5539879677008
1017,1017,311.5641046627212
1018,1018,311.57422135774164
1019,1019,311.58433805276206
1020,1020,311.5944547477825
1021,1021,311.6045714428029
1022,1022,311.61468813782335
1023,1023,311.6248048328438
1024,1024,311.6349215278642
1025,1025,311.64503822288464
1026,1026,311.65515491790507
1027,1027,311.6652716129255
1028,1028,311.6753883079459
1029,1029,311.68550500296635
1030,1030,311.6956216979868
1031,1031,311.7057383930072
1032,1032,311.71585508802764
1033,1033,311.72597178304807
1034,1034,311.7360884780685
1035,1035,311.7462051730889
1036,1036,311.75632186810935
1037,1037,311.7664385631298
1038,1038,311.7765552581502
1039,1039,311.78667195317064
1040,1040,311.79678864819107
1041,1041,311.8069053432115
1042,1042,311.8170220382319
1043,1043,311.82713873325235
1044,1044,311.8372554282728
1045,1045,311.8473721232932
1046,1046,311.8574888183137
1047,1047,311.8676055133341
1048,1048,311.87772220835456
1049,1049,311.887838903375
1050,1050,311.8979555983954
1051,1051,311.90807229341584
1052,1052,311.91818898843627
1053,1053,311.9283056834567
1054,1054,311.9384223784771
1055,1055,311.94853907349756
1056,1056,311.958655768518
1057,1057,311.9687724635384
1058,1058,311.97888915855884
1059,1059,311.9890058535793
1060,1060,311.9991225485997
1061,1061,312.00923924362013
1062,1062,312.01935593864056
1063,1063,312.029472633661
1064,1064,312.0395893286814
1065,1065,312.04970602370184
1066,1066,312.0598227187223
1067,1067,312.0699394137427
1068,1068,312.08005610876313
1069,1069,312.09017280378356
1070,1070,312.100289498804
1071,1071,312.1104061938244
1072,1072,312.12052288884485
1073,1073,312.1306395838653
1074,1074,312.1407562788857
1075,1075,312.15087297390613
1076,1076,312.16098966892656
1077,1077,312.171106363947
1078,1078,312.1812230589674
1079,1079,312.19133975398785
1080,1080,312.20145644900833
1081,1081,312.21157314402876
1082,1082,312.2216898390492
1083,1083,312.2318065340696
1084,1084,312.24192322909005
1085,1085,312.2520399241105
1086,1086,312.2621566191309
1087,1087,312.27227331415133
1088,1088,312.28239000917176
1089,1089,312.2925067041922
1090,1090,312.3026233992126
1091,1091,312.31274009423305
1092,1092,312.3228567892535
1093,1093,312.3329734842739
1094,1094,312.34309017929434
1095,1095,312.35320687431476
1096,1096,312.3633235693352
1097,1097,312.3734402643556
1098,1098,312.38355695937605
1099,1099,312.3936736543965
1100,1100,312.4037903494169
1101,1101,312.41390704443734
1102,1102,312.42402373945777
1103,1103,312.4341404344782
1104,1104,312.4442571294986
1105,1105,312.45437382451905
1106,1106,312.4644905195395
1107,1107,312.4746072145599
1108,1108,312.48472390958034
1109,1109,312.49484060460077
1110,1110,312.5049572996212
1111,1111,312.5150739946416
1112,1112,312.52519068966205
1113,1113,312.5353073846825
1114,1114,312.5454240797029
1115,1115,312.55554077472334
1116,1116,312.56565746974377
1117,1117,312.57577416476425
1118,1118,312.5858908597847
1119,1119,312.5960075548051
1120,1120,312.60612424982554
1121,1121,312.61624094484597
1122,1122,312.6263576398664
1123,1123,312.6364743348868
1124,1124,312.64659102990726
1125,1125,312.6567077249277
1126,1126,312.6668244199481
1127,1127,312.67694111496854
1128,1128,312.68705780998897
1129,1129,312.6971745050094
1130,1130,312.70729120002983
1131,1131,312.71740789505026
1132,1132,312.7275245900707
1133,1133,312.7376412850911
1134,1134,312.74775798011154
1135,1135,312.757874675132
1136,1136,312.7679913701524
1137,1137,312.77810806517283
1138,1138,312.78822476019326
1139,1139,312.7983414552137
1140,1140,312.8084581502341
1141,1141,312.81857484525455
1142,1142,312.828691540275
1143,1143,312.8388082352954
1144,1144,312.84892493031583
1145,1145,312.85904162533626
1146,1146,312.8691583203567
1147,1147,312.8792750153771
1148,1148,312.88939171039755
1149,1149,312.899508405418
1150,1150,312.9096251004384
1151,1151,312.9197417954589
1152,1152,312.9298584904793
1153,1153,312.93997518549975
1154,1154,312.9500918805202
1155,1155,312.9602085755406
1156,1156,312.97032527056103
1157,1157,312.98044196558146
1158,1158,312.9905586606019
1159,1159,313.0006753556223
1160,1160,313.01079205064275
1161,1161,313.0209087456632
1162,1162,313.0310254406836
1163,1163,313.04114213570404
1164,1164,313.05125883072446
1165,1165,313.0613755257449
1166,1166,313.0714922207653
1167,1167,313.08160891578575
1168,1168,313.0917256108062
1169,1169,313.1018423058266
1170,1170,313.11195900084704
1171,1171,313.12207569586747
1172,1172,313.1321923908879
1173,1173,313.1423090859083
1174,1174,313.15242578092875
1175,1175,313.1625424759492
1176,1176,313.1726591709696
1177,1177,313.18277586599004
1178,1178,313.19289256101047
1179,1179,313.2030092560309
1180,1180,313.2131259510513
1181,1181,313.22324264607175
1182,1182,313.2333593410922
1183,1183,313.2434760361126
1184,1184,313.25359273113304
1185,1185,313.26370942615347
1186,1186,313.2738261211739
1187,1187,313.2839428161943
1188,1188,313.2940595112148
1189,1189,313.30417620623524
1190,1190,313.31429290125567
1191,1191,313.3244095962761
1192,1192,313.3345262912965
1193,1193,313.34464298631696
1194,1194,313.3547596813374
1195,1195,313.3648763763578
1196,1196,313.37499307137824
1197,1197,313.38510976639867
1198,1198,313.3952264614191
1199,1199,313.4053431564395
1200,1200,313.41545985145996
1201,1201,313.4255765464804
1202,1202,313.4356932415008
1203,1203,313.44580993652124
1204,1204,313.4559266315417
1205,1205,313.4660433265621
1206,1206,313.47616002158253
1207,1207,313.48627671660296
1208,1208,313.4963934116234
1209,1209,313.5065101066438
1210,1210,313.51662680166424
1211,1211,313.5267434966847
1212,1212,313.5368601917051
1213,1213,313.54697688672553
1214,1214,313.55709358174596
1215,1215,313.5672102767664
1216,1216,313.5773269717868
1217,1217,313.58744366680725
1218,1218,313.5975603618277
1219,1219,313.6076770568481
1220,1220,313.61779375186853
1221,1221,313.62791044688896
1222,1222,313.63802714190945
1223,1223,313.6481438369299
1224,1224,313.6582605319503
1225,1225,313.66837722697073
1226,1226,313.67849392199116
1227,1227,313.6886106170116
1228,1228,313.698727312032
1229,1229,313.70884400705245
1230,1230,313.7189607020729
1231,1231,313.7290773970933
1232,1232,313.73919409211373
1233,1233,313.74931078713416
1234,1234,313.7594274821546
1235,1235,313.769544177175
1236,1236,313.77966087219545
1237,1237,313.7897775672159
1238,1238,313.7998942622363
1239,1239,313.81001095725674
1240,1240,313.82012765227716
1241,1241,313.8302443472976
1242,1242,313.840361042318
1243,1243,313.85047773733845
1244,1244,313.8605944323589
1245,1245,313.8707111273793
1246,1246,313.88082782239974
1247,1247,313.89094451742017
1248,1248,313.9010612124406
1249,1249,313.911177907461
1250,1250,313.92129460248145
1251,1251,313.9314112975019
1252,1252,313.9415279925223
1253,1253,313.95164468754274
1254,1254,313.96176138256317
1255,1255,313.9718780775836
1256,1256,313.981994772604
1257,1257,313.99211146762445
1258,1258,314.0022281626449
1259,1259,314.01234485766537
1260,1260,314.0224615526858
1261,1261,314.0325782477062
1262,1262,314.04269494272665
1263,1263,314.0528116377471
1264,1264,314.0629283327675
1265,1265,314.07304502778794
1266,1266,314.08316172280837
1267,1267,314.0932784178288
1268,1268,314.1033951128492
1269,1269,314.11351180786966
1270,1270,314.1236285028901
1271,1271,314.1337451979105
1272,1272,314.14386189293094
1273,1273,314.15397858795137
1274,1274,314.1640952829718
1275,1275,314.17421197799223
1276,1276,314.18432867301266
1277,1277,314.1944453680331
1278,1278,314.2045620630535
1279,1279,314.21467875807394
1280,1280,314.2247954530944
1281,1281,314.2349121481148
1282,1282,314.24502884313523
1283,1283,314.25514553815566
1284,1284,314.2652622331761
1285,1285,314.2753789281965
1286,1286,314.28549562321695
1287,1287,314.2956123182374
1288,1288,314.3057290132578
1289,1289,314.31584570827823
1290,1290,314.32596240329866
1291,1291,314.3360790983191
1292,1292,314.3461957933395
1293,1293,314.35631248836
1294,1294,314.36642918338043
1295,1295,314.37654587840086
1296,1296,314.3866625734213
1297,1297,314.3967792684417
1298,1298,314.40689596346215
1299,1299,314.4170126584826
1300,1300,314.427129353503
1301,1301,314.43724604852343
1302,1302,314.44736274354386
1303,1303,314.4574794385643
1304,1304,314.4675961335847
1305,1305,314.47771282860515
1306,1306,314.4878295236256
1307,1307,314.497946218646
1308,1308,314.50806291366644
1309,1309,314.51817960868686
1310,1310,314.5282963037073
1311,1311,314.5384129987277
1312,1312,314.54852969374815
1313,1313,314.5586463887686
1314,1314,314.568763083789
1315,1315,314.57887977880944
1316,1316,314.58899647382987
1317,1317,314.5991131688503
1318,1318,314.6092298638707
1319,1319,314.61934655889115
1320,1320,314.6294632539116
1321,1321,314.639579948932
1322,1322,314.64969664395244
1323,1323,314.65981333897287
1324,1324,314.6699300339933
1325,1325,314.6800467290137
1326,1326,314.69016342403415
1327,1327,314.7002801190546
1328,1328,314.710396814075
1329,1329,314.7205135090955
1330,1330,314.7306302041159
1331,1331,314.74074689913635
1332,1332,314.7508635941568
1333,1333,314.7609802891772
1334,1334,314.77109698419764
1335,1335,314.78121367921807
1336,1336,314.7913303742385
1337,1337,314.8014470692589
1338,1338,314.81156376427936
1339,1339,314.8216804592998
1340,1340,314.8317971543202
1341,1341,314.84191384934064
1342,1342,314.85203054436107
1343,1343,314.8621472393815
1344,1344,314.87226393440193
1345,1345,314.88238062942236
1346,1346,314.8924973244428
1347,1347,314.9026140194632
1348,1348,314.91273071448364
1349,1349,314.9228474095041
1350,1350,314.9329641045245
1351,1351,314.94308079954493
1352,1352,314.95319749456536
1353,1353,314.9633141895858
1354,1354,314.9734308846062
1355,1355,314.98354757962665
1356,1356,314.9936642746471
1357,1357,315.0037809696675
1358,1358,315.01389766468793
1359,1359,315.02401435970836
1360,1360,315.0341310547288
1361,1361,315.0442477497492
1362,1362,315.05436444476965
1363,1363,315.0644811397901
1364,1364,315.07459783481056
1365,1365,315.084714529831
1366,1366,315.0948312248514
1367,1367,315.10494791987185
1368,1368,315.1150646148923
1369,1369,315.1251813099127
1370,1370,315.13529800493313
1371,1371,315.14541469995356
1372,1372,315.155531394974
1373,1373,315.1656480899944
1374,1374,315.17576478501485
1375,1375,315.1858814800353
1376,1376,315.1959981750557
1377,1377,315.20611487007614
1378,1378,315.21623156509656
1379,1379,315.226348260117
1380,1380,315.2364649551374
1381,1381,315.24658165015785
1382,1382,315.2566983451783
1383,1383,315.2668150401987
1384,1384,315.27693173521914
1385,1385,315.28704843023957
1386,1386,315.29716512526
1387,1387,315.3072818202804
1388,1388,315.31739851530085
1389,1389,315.3275152103213
1390,1390,315.3376319053417
1391,1391,315.34774860036214
1392,1392,315.35786529538257
1393,1393,315.367981990403
1394,1394,315.3780986854234
1395,1395,315.38821538044385
1396,1396,315.3983320754643
1397,1397,315.4084487704847
1398,1398,315.41856546550514
1399,1399,315.42868216052557
1400,1400,315.43879885554605
1401,1401,315.4489155505665
1402,1402,315.4590322455869
1403,1403,315.46914894060734
1404,1404,315.47926563562777
1405,1405,315.4893823306482
1406,1406,315.4994990256686
1407,1407,315.50961572068906
1408,1408,315.5197324157095
1409,1409,315.5298491107299
1410,1410,315.53996580575034
1411,1411,315.55008250077077
1412,1412,315.5601991957912
1413,1413,315.5703158908116
1414,1414,315.58043258583206
1415,1415,315.5905492808525
1416,1416,315.6006659758729
1417,1417,315.61078267089334
1418,1418,315.6208993659138
1419,1419,315.6310160609342
1420,1420,315.64113275595463
1421,1421,315.65124945097506
1422,1422,315.6613661459955
1423,1423,315.6714828410159
1424,1424,315.68159953603634
1425,1425,315.6917162310568
1426,1426,315.7018329260772
1427,1427,315.71194962109763
1428,1428,315.72206631611806
1429,1429,315.7321830111385
1430,1430,315.7422997061589
1431,1431,315.75241640117935
1432,1432,315.7625330961998
1433,1433,315.7726497912202
1434,1434,315.78276648624063
1435,1435,315.7928831812611
1436,1436,315.80299987628155
1437,1437,315.813116571302
1438,1438,315.8232332663224
1439,1439,315.83334996134283
1440,1440,315.84346665636326
1441,1441,315.8535833513837
1442,1442,315.8637000464041
1443,1443,315.87381674142455
1444,1444,315.883933436445
1445,1445,315.8940501314654
1446,1446,315.90416682648583
1447,1447,315.91428352150626
1448,1448,315.9244002165267
1449,1449,315.9345169115471
1450,1450,315.94463360656755
1451,1451,315.954750301588
1452,1452,315.9648669966084
1453,1453,315.97498369162884
1454,1454,315.98510038664926
1455,1455,315.9952170816697
1456,1456,316.0053337766901
1457,1457,316.01545047171055
1458,1458,316.025567166731
1459,1459,316.0356838617514
1460,1460,316.04580055677184
1461,1461,316.05591725179227
1462,1462,316.0660339468127
1463,1463,316.0761506418331
1464,1464,316.08626733685355
1465,1465,316.096384031874
1466,1466,316.1065007268944
1467,1467,316.11661742191484
1468,1468,316.12673411693527
1469,1469,316.1368508119557
1470,1470,316.1469675069761
1471,1471,316.1570842019966
1472,1472,316.16720089701704
1473,1473,316.17731759203747
1474,1474,316.1874342870579
1475,1475,316.1975509820783
1476,1476,316.20766767709875
1477,1477,316.2177843721192
1478,1478,316.2279010671396
1479,1479,316.23801776216004
1480,1480,316.24813445718047
1481,1481,316.2582511522009
1482,1482,316.2683678472213
1483,1483,316.27848454224176
1484,1484,316.2886012372622
1485,1485,316.2987179322826
1486,1486,316.30883462730304
1487,1487,316.31895132232347
1488,1488,316.3290680173439
1489,1489,316.33918471236433
1490,1490,316.34930140738476
1491,1491,316.3594181024052
1492,1492,316.3695347974256
1493,1493,316.37965149244604
1494,1494,316.3897681874665
1495,1495,316.3998848824869
1496,1496,316.41000157750733
1497,1497,316.42011827252776
1498,1498,316.4302349675482
1499,1499,316.4403516625686
1500,1500,316.45046835758905
1501,1501,316.4605850526095
1502,1502,316.4707017476299
1503,1503,316.48081844265033
1504,1504,316.49093513767076
1505,1505,316.5010518326912
1506,1506,316.5111685277117
1507,1507,316.5212852227321
1508,1508,316.53140191775253
1509,1509,316.54151861277296
1510,1510,316.5516353077934
1511,1511,316.5617520028138
1512,1512,316.57186869783425
1513,1513,316.5819853928547
1514,1514,316.5921020878751
1515,1515,316.60221878289553
1516,1516,316.61233547791596
1517,1517,316.6224521729364
1518,1518,316.6325688679568
1519,1519,316.64268556297725
1520,1520,316.6528022579977
1521,1521,316.6629189530181
1522,1522,316.67303564803854
1523,1523,316.68315234305896
1524,1524,316.6932690380794
1525,1525,316.7033857330998
1526,1526,316.71350242812025
1527,1527,316.7236191231407
1528,1528,316.7337358181611
1529,1529,316.74385251318154
1530,1530,316.75396920820197
1531,1531,316.7640859032224
1532,1532,316.7742025982428
1533,1533,316.78431929326325
1534,1534,316.7944359882837
1535,1535,316.8045526833041
1536,1536,316.81466937832454
1537,1537,316.82478607334497
1538,1538,316.8349027683654
1539,1539,316.8450194633858
1540,1540,316.85513615840625
1541,1541,316.8652528534267
1542,1542,316.87536954844717
1543,1543,316.8854862434676
1544,1544,316.895602938488
1545,1545,316.90571963350845
1546,1546,316.9158363285289
1547,1547,316.9259530235493
1548,1548,316.93606971856974
1549,1549,316.94618641359017
1550,1550,316.9563031086106
1551,1551,316.966419803631
1552,1552,316.97653649865146
1553,1553,316.9866531936719
1554,1554,316.9967698886923
1555,1555,317.00688658371274
1556,1556,317.01700327873317
1557,1557,317.0271199737536
1558,1558,317.037236668774
1559,1559,317.04735336379446
1560,1560,317.0574700588149
1561,1561,317.0675867538353
1562,1562,317.07770344885574
1563,1563,317.0878201438762
1564,1564,317.0979368388966
1565,1565,317.10805353391703
1566,1566,317.11817022893746
1567,1567,317.1282869239579
1568,1568,317.1384036189783
1569,1569,317.14852031399874
1570,1570,317.1586370090192
1571,1571,317.1687537040396
1572,1572,317.17887039906003
1573,1573,317.18898709408046
1574,1574,317.1991037891009
1575,1575,317.2092204841213
1576,1576,317.2193371791418
1577,1577,317.22945387416223
1578,1578,317.23957056918266
1579,1579,317.2496872642031
1580,1580,317.2598039592235
1581,1581,317.26992065424395
1582,1582,317.2800373492644
1583,1583,317.2901540442848
1584,1584,317.30027073930523
1585,1585,317.31038743432566
1586,1586,317.3205041293461
1587,1587,317.3306208243665
1588,1588,317.34073751938695
1589,1589,317.3508542144074
1590,1590,317.3609709094278
1591,1591,317.37108760444823
1592,1592,317.38120429946866
1593,1593,317.3913209944891
1594,1594,317.4014376895095
1595,1595,317.41155438452995
1596,1596,317.4216710795504
1597,1597,317.4317877745708
1598,1598,317.44190446959124
1599,1599,317.45202116461166
1600,1600,317.4621378596321
1601,1601,317.4722545546525
1602,1602,317.48237124967295
1603,1603,317.4924879446934
1604,1604,317.5026046397138
1605,1605,317.51272133473424
1606,1606,317.52283802975467
1607,1607,317.5329547247751
1608,1608,317.5430714197955
1609,1609,317.55318811481595
1610,1610,317.5633048098364
1611,1611,317.5734215048568
1612,1612,317.58353819987724
1613,1613,317.5936548948977
1614,1614,317.60377158991815
1615,1615,317.6138882849386
1616,1616,317.624004979959
1617,1617,317.63412167497944
1618,1618,317.64423836999987
1619,1619,317.6543550650203
1620,1620,317.6644717600407
1621,1621,317.67458845506115
1622,1622,317.6847051500816
1623,1623,317.694821845102
1624,1624,317.70493854012244
1625,1625,317.71505523514287
1626,1626,317.7251719301633
1627,1627,317.7352886251837
1628,1628,317.74540532020416
1629,1629,317.7555220152246
1630,1630,317.765638710245
1631,1631,317.77575540526544
1632,1632,317.78587210028587
1633,1633,317.7959887953063
1634,1634,317.80610549032673
1635,1635,317.81622218534716
1636,1636,317.8263388803676
1637,1637,317.836455575388
1638,1638,317.84657227040844
1639,1639,317.8566889654289
1640,1640,317.8668056604493
1641,1641,317.87692235546973
1642,1642,317.88703905049016
1643,1643,317.8971557455106
1644,1644,317.907272440531
1645,1645,317.91738913555145
1646,1646,317.9275058305719
1647,1647,317.93762252559236
1648,1648,317.9477392206128
1649,1649,317.9578559156332
1650,1650,317.96797261065365
1651,1651,317.9780893056741
1652,1652,317.9882060006945
1653,1653,317.99832269571493
1654,1654,318.00843939073536
1655,1655,318.0185560857558
1656,1656,318.0286727807762
1657,1657,318.03878947579665
1658,1658,318.0489061708171
1659,1659,318.0590228658375
1660,1660,318.06913956085793
1661,1661,318.07925625587836
1662,1662,318.0893729508988
1663,1663,318.0994896459192
1664,1664,318.10960634093965
1665,1665,318.1197230359601
1666,1666,318.1298397309805
1667,1667,318.13995642600094
1668,1668,318.15007312102136
1669,1669,318.1601898160418
1670,1670,318.1703065110622
1671,1671,318.18042320608265
1672,1672,318.1905399011031
1673,1673,318.2006565961235
1674,1674,318.21077329114394
1675,1675,318.22088998616437
1676,1676,318.2310066811848
1677,1677,318.2411233762052
1678,1678,318.25124007122565
1679,1679,318.2613567662461
1680,1680,318.2714734612665
1681,1681,318.28159015628694
1682,1682,318.29170685130737
1683,1683,318.3018235463278
1684,1684,318.3119402413483
1685,1685,318.3220569363687
1686,1686,318.33217363138914
1687,1687,318.34229032640957
1688,1688,318.35240702143
1689,1689,318.3625237164504
1690,1690,318.37264041147085
1691,1691,318.3827571064913
1692,1692,318.3928738015117
1693,1693,318.40299049653214
1694,1694,318.41310719155257
1695,1695,318.423223886573
1696,1696,318.4333405815934
1697,1697,318.44345727661386
1698,1698,318.4535739716343
1699,1699,318.4636906666547
1700,1700,318.47380736167514
1701,1701,318.48392405669557
1702,1702,318.494040751716
1703,1703,318.50415744673643
1704,1704,318.51427414175686
1705,1705,318.5243908367773
1706,1706,318.5345075317977
1707,1707,318.54462422681814
1708,1708,318.5547409218386
1709,1709,318.564857616859
1710,1710,318.57497431187943
1711,1711,318.58509100689986
1712,1712,318.5952077019203
1713,1713,318.6053243969407
1714,1714,318.61544109196115
1715,1715,318.6255577869816
1716,1716,318.635674482002
1717,1717,318.6457911770225
1718,1718,318.6559078720429
1719,1719,318.66602456706335
1720,1720,318.6761412620838
1721,1721,318.6862579571042
1722,1722,318.69637465212463
1723,1723,318.70649134714506
1724,1724,318.7166080421655
1725,1725,318.7267247371859
1726,1726,318.73684143220635
1727,1727,318.7469581272268
1728,1728,318.7570748222472
1729,1729,318.76719151726763
1730,1730,318.77730821228806
1731,1731,318.7874249073085
1732,1732,318.7975416023289
1733,1733,318.80765829734935
1734,1734,318.8177749923698
1735,1735,318.8278916873902
1736,1736,318.83800838241064
1737,1737,318.84812507743106
1738,1738,318.8582417724515
1739,1739,318.8683584674719
1740,1740,318.87847516249235
1741,1741,318.8885918575128
1742,1742,318.8987085525332
1743,1743,318.90882524755364
1744,1744,318.91894194257407
1745,1745,318.9290586375945
1746,1746,318.9391753326149
1747,1747,318.94929202763535
1748,1748,318.9594087226558
1749,1749,318.9695254176762
1750,1750,318.97964211269664
1751,1751,318.98975880771707
1752,1752,318.9998755027375
1753,1753,319.0099921977579
1754,1754,319.02010889277835
1755,1755,319.03022558779884
1756,1756,319.04034228281927
1757,1757,319.0504589778397
1758,1758,319.0605756728601
1759,1759,319.07069236788055
1760,1760,319.080809062901
1761,1761,319.0909257579214
1762,1762,319.10104245294184
1763,1763,319.11115914796227
1764,1764,319.1212758429827
1765,1765,319.1313925380031
1766,1766,319.14150923302356
1767,1767,319.151625928044
1768,1768,319.1617426230644
1769,1769,319.17185931808484
1770,1770,319.18197601310527
1771,1771,319.1920927081257
1772,1772,319.2022094031461
1773,1773,319.21232609816656
1774,1774,319.222442793187
1775,1775,319.2325594882074
1776,1776,319.24267618322784
1777,1777,319.2527928782483
1778,1778,319.2629095732687
1779,1779,319.27302626828913
1780,1780,319.28314296330956
1781,1781,319.29325965833
1782,1782,319.3033763533504
1783,1783,319.31349304837084
1784,1784,319.3236097433913
1785,1785,319.3337264384117
1786,1786,319.34384313343213
1787,1787,319.35395982845256
1788,1788,319.36407652347305
1789,1789,319.3741932184935
1790,1790,319.3843099135139
1791,1791,319.39442660853433
1792,1792,319.40454330355476
1793,1793,319.4146599985752
1794,1794,319.4247766935956
1795,1795,319.43489338861605
1796,1796,319.4450100836365
1797,1797,319.4551267786569
1798,1798,319.46524347367733
1799,1799,319.47536016869776
1800,1800,319.4854768637182
1801,1801,319.4955935587386
1802,1802,319.50571025375905
1803,1803,319.5158269487795
1804,1804,319.5259436437999
1805,1805,319.53606033882033
1806,1806,319.54617703384076
1807,1807,319.5562937288612
1808,1808,319.5664104238816
1809,1809,319.57652711890205
1810,1810,319.5866438139225
1811,1811,319.5967605089429
1812,1812,319.60687720396334
1813,1813,319.61699389898376
1814,1814,319.6271105940042
1815,1815,319.6372272890246
1816,1816,319.64734398404505
1817,1817,319.6574606790655
1818,1818,319.6675773740859
1819,1819,319.67769406910634
1820,1820,319.68781076412677
1821,1821,319.6979274591472
1822,1822,319.7080441541676
1823,1823,319.71816084918805
1824,1824,319.7282775442085
1825,1825,319.7383942392289
1826,1826,319.7485109342494
1827,1827,319.7586276292698
1828,1828,319.76874432429025
1829,1829,319.7788610193107
1830,1830,319.7889777143311
1831,1831,319.79909440935154
1832,1832,319.80921110437197
1833,1833,319.8193277993924
1834,1834,319.8294444944128
1835,1835,319.83956118943325
1836,1836,319.8496778844537
1837,1837,319.8597945794741
1838,1838,319.86991127449454
1839,1839,319.88002796951497
1840,1840,319.8901446645354
1841,1841,319.9002613595558
1842,1842,319.91037805457626
1843,1843,319.9204947495967
1844,1844,319.9306114446171
1845,1845,319.94072813963754
1846,1846,319.95084483465797
1847,1847,319.9609615296784
1848,1848,319.97107822469883
1849,1849,319.98119491971926
1850,1850,319.9913116147397
1851,1851,320.0014283097601
1852,1852,320.01154500478054
1853,1853,320.021661699801
1854,1854,320.0317783948214
1855,1855,320.04189508984183
1856,1856,320.05201178486226
1857,1857,320.0621284798827
1858,1858,320.0722451749031
1859,1859,320.0823618699236
1860,1860,320.09247856494403
1861,1861,320.10259525996446
1862,1862,320.1127119549849
1863,1863,320.1228286500053
1864,1864,320.13294534502575
1865,1865,320.1430620400462
1866,1866,320.1531787350666
1867,1867,320.16329543008703
1868,1868,320.17341212510746
1869,1869,320.1835288201279
1870,1870,320.1936455151483
1871,1871,320.20376221016875
1872,1872,320.2138789051892
1873,1873,320.2239956002096
1874,1874,320.23411229523003
1875,1875,320.24422899025046
1876,1876,320.2543456852709
1877,1877,320.2644623802913
1878,1878,320.27457907531175
1879,1879,320.2846957703322
1880,1880,320.2948124653526
1881,1881,320.30492916037304
1882,1882,320.31504585539346
1883,1883,320.3251625504139
1884,1884,320.3352792454343
1885,1885,320.34539594045475
1886,1886,320.3555126354752
1887,1887,320.3656293304956
1888,1888,320.37574602551604
1889,1889,320.38586272053647
1890,1890,320.3959794155569
1891,1891,320.4060961105773
1892,1892,320.41621280559775
1893,1893,320.4263295006182
1894,1894,320.4364461956386
1895,1895,320.44656289065904
1896,1896,320.45667958567947
1897,1897,320.46679628069995
1898,1898,320.4769129757204
1899,1899,320.4870296707408
1900,1900,320.49714636576124
1901,1901,320.50726306078167
1902,1902,320.5173797558021
1903,1903,320.5274964508225
1904,1904,320.53761314584295
1905,1905,320.5477298408634
1906,1906,320.5578465358838
1907,1907,320.56796323090424
1908,1908,320.57807992592467
1909,1909,320.5881966209451
1910,1910,320.5983133159655
1911,1911,320.60843001098596
1912,1912,320.6185467060064
1913,1913,320.6286634010268
1914,1914,320.63878009604724
1915,1915,320.64889679106767
1916,1916,320.6590134860881
1917,1917,320.6691301811085
1918,1918,320.67924687612896
1919,1919,320.6893635711494
1920,1920,320.6994802661698
1921,1921,320.70959696119024
1922,1922,320.7197136562107
1923,1923,320.7298303512311
1924,1924,320.73994704625153
1925,1925,320.75006374127196
1926,1926,320.7601804362924
1927,1927,320.7702971313128
1928,1928,320.78041382633324
1929,1929,320.7905305213537
1930,1930,320.80064721637416
1931,1931,320.8107639113946
1932,1932,320.820880606415
1933,1933,320.83099730143545
1934,1934,320.8411139964559
1935,1935,320.8512306914763
1936,1936,320.86134738649673
1937,1937,320.87146408151716
1938,1938,320.8815807765376
1939,1939,320.891697471558
1940,1940,320.90181416657845
1941,1941,320.9119308615989
1942,1942,320.9220475566193
1943,1943,320.93216425163973
1944,1944,320.94228094666016
1945,1945,320.9523976416806
1946,1946,320.962514336701
1947,1947,320.97263103172145
1948,1948,320.9827477267419
1949,1949,320.9928644217623
1950,1950,321.00298111678273
1951,1951,321.01309781180316
1952,1952,321.0232145068236
1953,1953,321.033331201844
1954,1954,321.04344789686445
1955,1955,321.0535645918849
1956,1956,321.0636812869053
1957,1957,321.07379798192574
1958,1958,321.08391467694616
1959,1959,321.0940313719666
1960,1960,321.104148066987
1961,1961,321.11426476200745
1962,1962,321.1243814570279
1963,1963,321.1344981520483
1964,1964,321.14461484706874
1965,1965,321.15473154208917
1966,1966,321.1648482371096
1967,1967,321.17496493213
1968,1968,321.1850816271505
1969,1969,321.19519832217094
1970,1970,321.20531501719137
1971,1971,321.2154317122118
1972,1972,321.2255484072322
1973,1973,321.23566510225265
1974,1974,321.2457817972731
1975,1975,321.2558984922935
1976,1976,321.26601518731394
1977,1977,321.27613188233437
1978,1978,321.2862485773548
1979,1979,321.2963652723752
1980,1980,321.30648196739565
1981,1981,321.3165986624161
1982,1982,321.3267153574365
1983,1983,321.33683205245694
1984,1984,321.34694874747737
1985,1985,321.3570654424978
1986,1986,321.3671821375182
1987,1987,321.37729883253866
1988,1988,321.3874155275591
1989,1989,321.3975322225795
1990,1990,321.40764891759994
1991,1991,321.41776561262037
1992,1992,321.4278823076408
1993,1993,321.43799900266123
1994,1994,321.44811569768166
1995,1995,321.4582323927021
1996,1996,321.4683490877225
1997,1997,321.47846578274294
1998,1998,321.4885824777634
1999,1999,321.4986991727838
2000,2000,321.50881586780423
2001,2001,321.5189325628247
2002,2002,321.52904925784514
2003,2003,321.5391659528656
2004,2004,321.549282647886
2005,2005,321.55939934290643
2006,2006,321.56951603792686
2007,2007,321.5796327329473
2008,2008,321.5897494279677
2009,2009,321.59986612298815
2010,2010,321.6099828180086
2011,2011,321.620099513029
2012,2012,321.63021620804943
2013,2013,321.64033290306986
2014,2014,321.6504495980903
2015,2015,321.6605662931107
2016,2016,321.67068298813115
2017,2017,321.6807996831516
2018,2018,321.690916378172
2019,2019,321.70103307319243
2020,2020,321.71114976821286
2021,2021,321.7212664632333
2022,2022,321.7313831582537
2023,2023,321.74149985327415
2024,2024,321.7516165482946
2025,2025,321.761733243315
2026,2026,321.77184993833544
2027,2027,321.78196663335586
2028,2028,321.7920833283763
2029,2029,321.8022000233967
2030,2030,321.81231671841715
2031,2031,321.8224334134376
2032,2032,321.832550108458
2033,2033,321.84266680347844
2034,2034,321.85278349849887
2035,2035,321.8629001935193
2036,2036,321.8730168885397
2037,2037,321.88313358356015
2038,2038,321.8932502785806
2039,2039,321.90336697360107
2040,2040,321.9134836686215
2041,2041,321.9236003636419
2042,2042,321.93371705866235
2043,2043,321.9438337536828
2044,2044,321.9539504487032
2045,2045,321.96406714372364
2046,2046,321.97418383874407
2047,2047,321.9843005337645
2048,2048,321.9944172287849
2049,2049,322.00453392380535
2050,2050,322.0146506188258
2051,2051,322.0247673138462
2052,2052,322.03488400886664
2053,2053,322.04500070388707
2054,2054,322.0551173989075
2055,2055,322.0652340939279
2056,2056,322.07535078894836
2057,2057,322.0854674839688
2058,2058,322.0955841789892
2059,2059,322.10570087400964
2060,2060,322.11581756903007
2061,2061,322.1259342640505
2062,2062,322.13605095907093
2063,2063,322.14616765409136
2064,2064,322.1562843491118
2065,2065,322.1664010441322
2066,2066,322.17651773915264
2067,2067,322.1866344341731
2068,2068,322.1967511291935
2069,2069,322.20686782421393
2070,2070,322.21698451923436
2071,2071,322.2271012142548
2072,2072,322.2372179092753
2073,2073,322.2473346042957
2074,2074,322.25745129931613
2075,2075,322.26756799433656
2076,2076,322.277684689357
2077,2077,322.2878013843774
2078,2078,322.29791807939785
2079,2079,322.3080347744183
2080,2080,322.3181514694387
2081,2081,322.32826816445913
2082,2082,322.33838485947956
2083,2083,322.3485015545
2084,2084,322.3586182495204
2085,2085,322.36873494454085
2086,2086,322.3788516395613
2087,2087,322.3889683345817
2088,2088,322.39908502960213
2089,2089,322.40920172462256
2090,2090,322.419318419643
2091,2091,322.4294351146634
2092,2092,322.43955180968385
2093,2093,322.4496685047043
2094,2094,322.4597851997247
2095,2095,322.46990189474513
2096,2096,322.48001858976556
2097,2097,322.490135284786
2098,2098,322.5002519798064
2099,2099,322.51036867482685
2100,2100,322.5204853698473
2101,2101,322.5306020648677
2102,2102,322.54071875988814
2103,2103,322.55083545490857
2104,2104,322.560952149929
2105,2105,322.5710688449494
2106,2106,322.58118553996985
2107,2107,322.5913022349903
2108,2108,322.6014189300107
2109,2109,322.6115356250312
2110,2110,322.6216523200516
2111,2111,322.63176901507205
2112,2112,322.6418857100925
2113,2113,322.6520024051129
2114,2114,322.66211910013334
2115,2115,322.67223579515377
2116,2116,322.6823524901742
2117,2117,322.6924691851946
2118,2118,322.70258588021505
2119,2119,322.7127025752355
2120,2120,322.7228192702559
2121,2121,322.73293596527634
2122,2122,322.74305266029677
2123,2123,322.7531693553172
2124,2124,322.7632860503376
2125,2125,322.77340274535806
2126,2126,322.7835194403785
2127,2127,322.7936361353989
2128,2128,322.80375283041934
2129,2129,322.81386952543977
2130,2130,322.8239862204602
2131,2131,322.8341029154806
2132,2132,322.84421961050106
2133,2133,322.8543363055215
2134,2134,322.8644530005419
2135,2135,322.87456969556234
2136,2136,322.8846863905828
2137,2137,322.8948030856032
2138,2138,322.90491978062363
2139,2139,322.91503647564406
2140,2140,322.9251531706645
2141,2141,322.9352698656849
2142,2142,322.94538656070534
2143,2143,322.95550325572583
2144,2144,322.96561995074626
2145,2145,322.9757366457667
2146,2146,322.9858533407871
2147,2147,322.99597003580755
2148,2148,323.006086730828
2149,2149,323.0162034258484
2150,2150,323.02632012086883
2151,2151,323.03643681588926
2152,2152,323.0465535109097
2153,2153,323.0566702059301
2154,2154,323.06678690095055
2155,2155,323.076903595971
2156,2156,323.0870202909914
2157,2157,323.09713698601183
2158,2158,323.10725368103226
2159,2159,323.1173703760527
2160,2160,323.1274870710731
2161,2161,323.13760376609355
2162,2162,323.147720461114
2163,2163,323.1578371561344
2164,2164,323.16795385115483
2165,2165,323.17807054617526
2166,2166,323.1881872411957
2167,2167,323.1983039362161
2168,2168,323.20842063123655
2169,2169,323.218537326257
2170,2170,323.2286540212774
2171,2171,323.23877071629784
2172,2172,323.24888741131826
2173,2173,323.2590041063387
2174,2174,323.2691208013591
2175,2175,323.27923749637955
2176,2176,323.2893541914
2177,2177,323.2994708864204
2178,2178,323.30958758144084
2179,2179,323.31970427646127
2180,2180,323.32982097148175
2181,2181,323.3399376665022
2182,2182,323.3500543615226
2183,2183,323.36017105654304
2184,2184,323.37028775156347
2185,2185,323.3804044465839
2186,2186,323.3905211416043
2187,2187,323.40063783662475
2188,2188,323.4107545316452
2189,2189,323.4208712266656
2190,2190,323.43098792168604
2191,2191,323.44110461670647
2192,2192,323.4512213117269
2193,2193,323.4613380067473
2194,2194,323.47145470176775
2195,2195,323.4815713967882
2196,2196,323.4916880918086
2197,2197,323.50180478682904
2198,2198,323.51192148184947
2199,2199,323.5220381768699
2200,2200,323.5321548718903
2201,2201,323.54227156691076
2202,2202,323.5523882619312
2203,2203,323.5625049569516
2204,2204,323.57262165197204
2205,2205,323.58273834699247
2206,2206,323.5928550420129
2207,2207,323.60297173703333
2208,2208,323.61308843205376
2209,2209,323.6232051270742
2210,2210,323.6333218220946
2211,2211,323.64343851711504
2212,2212,323.6535552121355
2213,2213,323.66367190715596
2214,2214,323.6737886021764
2215,2215,323.6839052971968
2216,2216,323.69402199221724
2217,2217,323.7041386872377
2218,2218,323.7142553822581
2219,2219,323.72437207727853
2220,2220,323.73448877229896
2221,2221,323.7446054673194
2222,2222,323.7547221623398
2223,2223,323.76483885736025
2224,2224,323.7749555523807
2225,2225,323.7850722474011
2226,2226,323.79518894242153
2227,2227,323.80530563744196
2228,2228,323.8154223324624
2229,2229,323.8255390274828
2230,2230,323.83565572250325
2231,2231,323.8457724175237
2232,2232,323.8558891125441
2233,2233,323.86600580756453
2234,2234,323.87612250258496
2235,2235,323.8862391976054
2236,2236,323.8963558926258
2237,2237,323.90647258764625
2238,2238,323.9165892826667
2239,2239,323.9267059776871
2240,2240,323.93682267270754
2241,2241,323.94693936772796
2242,2242,323.9570560627484
2243,2243,323.9671727577688
2244,2244,323.97728945278925
2245,2245,323.9874061478097
2246,2246,323.9975228428301
2247,2247,324.00763953785054
2248,2248,324.01775623287097
2249,2249,324.0278729278914
2250,2250,324.0379896229118
2251,2251,324.0481063179323
2252,2252,324.05822301295274
2253,2253,324.06833970797317
2254,2254,324.0784564029936
2255,2255,324.088573098014
2256,2256,324.09868979303445
2257,2257,324.1088064880549
2258,2258,324.1189231830753
2259,2259,324.12903987809574
2260,2260,324.13915657311617
2261,2261,324.1492732681366
2262,2262,324.159389963157
2263,2263,324.16950665817745
2264,2264,324.1796233531979
2265,2265,324.1897400482183
2266,2266,324.19985674323874
2267,2267,324.20997343825917
2268,2268,324.2200901332796
2269,2269,324.2302068283
2270,2270,324.24032352332046
2271,2271,324.2504402183409
2272,2272,324.2605569133613
2273,2273,324.27067360838174
2274,2274,324.28079030340217
2275,2275,324.2909069984226
2276,2276,324.301023693443
2277,2277,324.31114038846346
2278,2278,324.3212570834839
2279,2279,324.3313737785043
2280,2280,324.34149047352474
2281,2281,324.3516071685452
2282,2282,324.3617238635656
2283,2283,324.37184055858603
2284,2284,324.3819572536065
2285,2285,324.39207394862694
2286,2286,324.4021906436474
2287,2287,324.4123073386678
2288,2288,324.42242403368823
2289,2289,324.43254072870866
2290,2290,324.4426574237291
2291,2291,324.4527741187495
2292,2292,324.46289081376995
2293,2293,324.4730075087904
2294,2294,324.4831242038108
2295,2295,324.49324089883123
2296,2296,324.50335759385166
2297,2297,324.5134742888721
2298,2298,324.5235909838925
2299,2299,324.53370767891295
2300,2300,324.5438243739334
2301,2301,324.5539410689538
2302,2302,324.56405776397423
2303,2303,324.57417445899466
2304,2304,324.5842911540151
2305,2305,324.5944078490355
2306,2306,324.60452454405595
2307,2307,324.6146412390764
2308,2308,324.6247579340968
2309,2309,324.63487462911723
2310,2310,324.64499132413766
2311,2311,324.6551080191581
2312,2312,324.6652247141785
2313,2313,324.67534140919895
2314,2314,324.6854581042194
2315,2315,324.6955747992398
2316,2316,324.70569149426024
2317,2317,324.71580818928066
2318,2318,324.7259248843011
2319,2319,324.7360415793215
2320,2320,324.74615827434195
2321,2321,324.7562749693624
2322,2322,324.76639166438287
